{
  "mainAssemblyName": "terraria",
  "resources": {
    "hash": "sha256-N6QpnRsHFsEpuM/olppwP4N0G4paI0CC03hw58d5I3g=",
    "fingerprinting": {
      "CsvHelper.3nwd0yg8jo.dll": "CsvHelper.dll",
      "DepotDownloader.kwzsf4pptn.dll": "DepotDownloader.dll",
      "DotNetZip.cn1r8e8enx.dll": "DotNetZip.dll",
      "FNA.zxr12ku1h7.dll": "FNA.dll",
      "Microsoft.CSharp.477qod9r2z.dll": "Microsoft.CSharp.dll",
      "Microsoft.Win32.Primitives.s2b3zn8pfv.dll": "Microsoft.Win32.Primitives.dll",
      "Microsoft.Win32.Registry.95a3ud2ill.dll": "Microsoft.Win32.Registry.dll",
      "Microsoft.Win32.SystemEvents.drmiff8ls9.dll": "Microsoft.Win32.SystemEvents.dll",
      "MP3Sharp.fzcfomtlmr.dll": "MP3Sharp.dll",
      "mscorlib.zihg2w7xdf.dll": "mscorlib.dll",
      "netstandard.53t0azuk6u.dll": "netstandard.dll",
      "Newtonsoft.Json.Bson.2xy9hqeqy6.dll": "Newtonsoft.Json.Bson.dll",
      "Newtonsoft.Json.zgpdt8xax0.dll": "Newtonsoft.Json.dll",
      "NVorbis.lx566n87nu.dll": "NVorbis.dll",
      "protobuf-net.Core.9cn3m4azxo.dll": "protobuf-net.Core.dll",
      "protobuf-net.ripp589a7z.dll": "protobuf-net.dll",
      "QRCoder.4j53o3igzi.dll": "QRCoder.dll",
      "SteamKit2.5p696cll57.dll": "SteamKit2.dll",
      "Steamworks.NET.d7kco8hunl.dll": "Steamworks.NET.dll",
      "System.Collections.Concurrent.77keru240q.dll": "System.Collections.Concurrent.dll",
      "System.Collections.y4sy5p2c5n.dll": "System.Collections.dll",
      "System.Collections.Immutable.tyd5fk0lcs.dll": "System.Collections.Immutable.dll",
      "System.Collections.NonGeneric.n2cmv67loc.dll": "System.Collections.NonGeneric.dll",
      "System.Collections.Specialized.cj5nf4s906.dll": "System.Collections.Specialized.dll",
      "System.ComponentModel.cznq51fcdk.dll": "System.ComponentModel.dll",
      "System.ComponentModel.EventBasedAsync.h56vxs90mj.dll": "System.ComponentModel.EventBasedAsync.dll",
      "System.ComponentModel.Primitives.5fu8gslfun.dll": "System.ComponentModel.Primitives.dll",
      "System.ComponentModel.TypeConverter.zpkuz4dyes.dll": "System.ComponentModel.TypeConverter.dll",
      "System.Console.94obmc87cg.dll": "System.Console.dll",
      "System.Core.msjm544yyg.dll": "System.Core.dll",
      "System.Data.Common.atpoulwi2c.dll": "System.Data.Common.dll",
      "System.Diagnostics.DiagnosticSource.att75q2nje.dll": "System.Diagnostics.DiagnosticSource.dll",
      "System.Diagnostics.Process.hmratj86to.dll": "System.Diagnostics.Process.dll",
      "System.Diagnostics.TraceSource.uf4o4yfqov.dll": "System.Diagnostics.TraceSource.dll",
      "System.Diagnostics.Tracing.86r1zarkcp.dll": "System.Diagnostics.Tracing.dll",
      "System.gjaswxgac3.dll": "System.dll",
      "System.Drawing.Common.jz8dhnwxl9.dll": "System.Drawing.Common.dll",
      "System.Drawing.k75ptddlp6.dll": "System.Drawing.dll",
      "System.Drawing.Primitives.bra7bkiujb.dll": "System.Drawing.Primitives.dll",
      "System.IO.Compression.cws62cxo3e.dll": "System.IO.Compression.dll",
      "System.IO.FileSystem.DriveInfo.vi74au9701.dll": "System.IO.FileSystem.DriveInfo.dll",
      "System.IO.Hashing.ycswjrw70w.dll": "System.IO.Hashing.dll",
      "System.IO.IsolatedStorage.88f24y8x0d.dll": "System.IO.IsolatedStorage.dll",
      "System.Linq.98vlh7bp4q.dll": "System.Linq.dll",
      "System.Linq.Expressions.l2dgm2md7w.dll": "System.Linq.Expressions.dll",
      "System.Linq.Parallel.wgyl7vt2ly.dll": "System.Linq.Parallel.dll",
      "System.Memory.yroyh960u7.dll": "System.Memory.dll",
      "System.Net.Http.7xejhiabt5.dll": "System.Net.Http.dll",
      "System.Net.NameResolution.cumb15yn65.dll": "System.Net.NameResolution.dll",
      "System.Net.NetworkInformation.pzrv7wzjc3.dll": "System.Net.NetworkInformation.dll",
      "System.Net.Primitives.wnl5r931hd.dll": "System.Net.Primitives.dll",
      "System.Net.Sockets.tdhad29kzj.dll": "System.Net.Sockets.dll",
      "System.Net.WebSockets.Client.0v5h62nljn.dll": "System.Net.WebSockets.Client.dll",
      "System.Net.WebSockets.czpvksdp8e.dll": "System.Net.WebSockets.dll",
      "System.ObjectModel.f08n95ii3w.dll": "System.ObjectModel.dll",
      "System.Private.CoreLib.1kuik1zyqu.dll": "System.Private.CoreLib.dll",
      "System.Private.Uri.a1nf5z1dnj.dll": "System.Private.Uri.dll",
      "System.Private.Xml.od6fvx07if.dll": "System.Private.Xml.dll",
      "System.Private.Xml.Linq.36e4pp1k05.dll": "System.Private.Xml.Linq.dll",
      "System.Reflection.Emit.mu9nde9tfa.dll": "System.Reflection.Emit.dll",
      "System.Reflection.Emit.ILGeneration.uzhil9zyh4.dll": "System.Reflection.Emit.ILGeneration.dll",
      "System.Reflection.Emit.Lightweight.y1oc8ir061.dll": "System.Reflection.Emit.Lightweight.dll",
      "System.Reflection.Primitives.1ywxzaodqd.dll": "System.Reflection.Primitives.dll",
      "System.Resources.ResourceManager.k0n19fu6rg.dll": "System.Resources.ResourceManager.dll",
      "System.Runtime.5zfq2618qh.dll": "System.Runtime.dll",
      "System.Runtime.Extensions.922aiehf0h.dll": "System.Runtime.Extensions.dll",
      "System.Runtime.InteropServices.kiy794v4su.dll": "System.Runtime.InteropServices.dll",
      "System.Runtime.InteropServices.JavaScript.c4ajrwafcr.dll": "System.Runtime.InteropServices.JavaScript.dll",
      "System.Runtime.Numerics.ltk3xwrx3x.dll": "System.Runtime.Numerics.dll",
      "System.Runtime.Serialization.Formatters.erngn40z49.dll": "System.Runtime.Serialization.Formatters.dll",
      "System.Runtime.Serialization.Primitives.wp2qnba2lw.dll": "System.Runtime.Serialization.Primitives.dll",
      "System.Security.AccessControl.ecwc9ya9sh.dll": "System.Security.AccessControl.dll",
      "System.Security.Claims.y2t7q6jjnn.dll": "System.Security.Claims.dll",
      "System.Security.Cryptography.Csp.6wdlc8f4v9.dll": "System.Security.Cryptography.Csp.dll",
      "System.Security.Cryptography.ikvgvdkklk.dll": "System.Security.Cryptography.dll",
      "System.Security.Cryptography.Primitives.lz5afmigc6.dll": "System.Security.Cryptography.Primitives.dll",
      "System.Security.Cryptography.X509Certificates.8e0wihs4np.dll": "System.Security.Cryptography.X509Certificates.dll",
      "System.Security.Permissions.zlrpq8fur5.dll": "System.Security.Permissions.dll",
      "System.Security.Principal.7ypn88lxgo.dll": "System.Security.Principal.dll",
      "System.Security.Principal.Windows.lgmvwarjwb.dll": "System.Security.Principal.Windows.dll",
      "System.Text.Encoding.CodePages.f4p51cwf2m.dll": "System.Text.Encoding.CodePages.dll",
      "System.Text.Encoding.Extensions.m037ot4hwy.dll": "System.Text.Encoding.Extensions.dll",
      "System.Text.RegularExpressions.tvx6amazwf.dll": "System.Text.RegularExpressions.dll",
      "System.Threading.Channels.eka96a30ml.dll": "System.Threading.Channels.dll",
      "System.Threading.3ssvqmtk6g.dll": "System.Threading.dll",
      "System.Threading.Overlapped.zusvlkavjx.dll": "System.Threading.Overlapped.dll",
      "System.Threading.Tasks.Dataflow.ioh5d77moh.dll": "System.Threading.Tasks.Dataflow.dll",
      "System.Threading.Thread.jj7jyil7jl.dll": "System.Threading.Thread.dll",
      "System.Threading.ThreadPool.zu1mzoof7d.dll": "System.Threading.ThreadPool.dll",
      "System.Web.HttpUtility.qst6a4t5ak.dll": "System.Web.HttpUtility.dll",
      "System.Windows.Extensions.jxvjfrz0ew.dll": "System.Windows.Extensions.dll",
      "System.Xml.Linq.du5ff8lic8.dll": "System.Xml.Linq.dll",
      "System.Xml.ReaderWriter.0tbmg2y0jx.dll": "System.Xml.ReaderWriter.dll",
      "System.Xml.XDocument.htc7u8fv08.dll": "System.Xml.XDocument.dll",
      "terraria.htgijktbe2.dll": "terraria.dll",
      "dotnet.native.5ueb4eu8qt.js": "dotnet.native.js",
      "dotnet.native.6p12adq9gl.wasm": "dotnet.native.wasm",
      "dotnet.native.worker.ratb5i3t1q.mjs": "dotnet.native.worker.mjs",
      "dotnet.js": "dotnet.js",
      "dotnet.runtime.5c6f0nk6pn.js": "dotnet.runtime.js",
      "icudt_CJK.tjcz0u77k5.dat": "icudt_CJK.dat",
      "icudt_EFIGS.tptq2av103.dat": "icudt_EFIGS.dat",
      "icudt_no_CJK.lfu7j35m59.dat": "icudt_no_CJK.dat"
    },
    "jsModuleWorker": {
      "dotnet.native.worker.ratb5i3t1q.mjs": "sha256-7Xkk0wUL32Hv2KhObudIg2JjDu26PWjbypUH84Zfb3g="
    },
    "jsModuleNative": {
      "dotnet.native.5ueb4eu8qt.js": "sha256-I4S4deQHEy+LLjif0IkrTwc6F2q/jaQkCuqTnRLbDQc="
    },
    "jsModuleRuntime": {
      "dotnet.runtime.5c6f0nk6pn.js": "sha256-K7ZYHNXugg/WCes4vr/G2kIL9jVYLTp09vdmdi0N+W8="
    },
    "wasmNative": {
      "dotnet.native.6p12adq9gl.wasm": "sha256-KW6ZTimkDGxtUXWtfPxq+Zqr25cu32gYa5DFHftfgDI="
    },
    "icu": {
      "icudt_CJK.tjcz0u77k5.dat": "sha256-SZLtQnRc0JkwqHab0VUVP7T3uBPSeYzxzDnpxPpUnHk=",
      "icudt_EFIGS.tptq2av103.dat": "sha256-8fItetYY8kQ0ww6oxwTLiT3oXlBwHKumbeP2pRF4yTc=",
      "icudt_no_CJK.lfu7j35m59.dat": "sha256-L7sV7NEYP37/Qr2FPCePo5cJqRgTXRwGHuwF5Q+0Nfs="
    },
    "coreAssembly": {
      "CsvHelper.3nwd0yg8jo.dll": "sha256-gVGW96vaLSfxvEzHv1kWEV/fmhpYpjI1OSYEglXEzBU=",
      "DepotDownloader.kwzsf4pptn.dll": "sha256-xHOVLvcVGytDpq1T1BNxKZ3aiL04/J+jPSzhmoyu/LA=",
      "DotNetZip.cn1r8e8enx.dll": "sha256-6L7PEnf58iiKLIBlJPR7Kti8uRvXu/gAEWFFy89ugtE=",
      "FNA.zxr12ku1h7.dll": "sha256-SYqnKiUSymPk4zhINGreR7Ftd/cWMLaSIAcDRpUlGmQ=",
      "Microsoft.CSharp.477qod9r2z.dll": "sha256-8GJ6DEl7jeNdtVpD+mwXT0oGsZP9ep83YoyW/DsJeLk=",
      "Microsoft.Win32.Primitives.s2b3zn8pfv.dll": "sha256-LCZQXp4cqHz09E7Lmw5cqi8PFB5w44N+utdkQWfPUyU=",
      "Microsoft.Win32.Registry.95a3ud2ill.dll": "sha256-HSiFFo8F3XBLCcpkRvd+YlXA+7ytw+r4HhC8mByULyA=",
      "Microsoft.Win32.SystemEvents.drmiff8ls9.dll": "sha256-R/He+4+aEv2c8RC3GBj1ow1WycyJMtPb+V/kJq/jqwM=",
      "MP3Sharp.fzcfomtlmr.dll": "sha256-ey8OGJb+B1hh/qAmS5yK68FTMxY6FU21I9rut8xsFiU=",
      "mscorlib.zihg2w7xdf.dll": "sha256-uy6ck192Xug9JJX96ckqX7R8sjEGSDOsfxh88mtYybg=",
      "netstandard.53t0azuk6u.dll": "sha256-QSk0bdPEMSERQRycdN/cDLyx5E4DtsU97cS59KTDe/k=",
      "Newtonsoft.Json.Bson.2xy9hqeqy6.dll": "sha256-BtLOKRgszpdBEqGC1VosqrWcbYtH7I5vRYXHMLnbrtQ=",
      "Newtonsoft.Json.zgpdt8xax0.dll": "sha256-M6+2oqtm2UlRF/6+U+yM/MWcMYrTCt0UR9o0XoJPSiA=",
      "NVorbis.lx566n87nu.dll": "sha256-d9oR++j8Q9rBizHTbMlmC+mz1Hba4MXQ1oleaX6yk8Y=",
      "protobuf-net.Core.9cn3m4azxo.dll": "sha256-6V7bKCkF16A96zwudwc6fAFCOy/OT29RLkbq5RQ3czM=",
      "protobuf-net.ripp589a7z.dll": "sha256-c6JQSc553GtiWfg8Brx9MssuhC8v14om6QCyWqjyQbY=",
      "QRCoder.4j53o3igzi.dll": "sha256-wGKXAbWMJMEX8utiVd8mMc5gs3pRkKHQL9VMwg/UfrI=",
      "SteamKit2.5p696cll57.dll": "sha256-12+HU21JMuKMiGYj4s73lIYR/TtBuXO+oPYGjwoUqb8=",
      "Steamworks.NET.d7kco8hunl.dll": "sha256-t0bUWDUguI+CaC+O68ooS5pKocQLy6dgNilgqhulpSM=",
      "System.Collections.Concurrent.77keru240q.dll": "sha256-PU+T6hxxGwnHlqIrNcqPx+0xNruW1NBICDyEhQA0xW4=",
      "System.Collections.y4sy5p2c5n.dll": "sha256-DvSinzA7gJTEWJkPK0LfLipF6Wc5cgmXRHlZ33S3x+s=",
      "System.Collections.Immutable.tyd5fk0lcs.dll": "sha256-9VQgBVBLN5swQfPpUlYwukm1Ga+GQA7KDOX8D9shxZo=",
      "System.Collections.NonGeneric.n2cmv67loc.dll": "sha256-YRJJD+lf3bO1jwmH8K+gUcseoGqFNuRvq56jEebEFuE=",
      "System.Collections.Specialized.cj5nf4s906.dll": "sha256-OIV2j3F/K9bU3q6omngNaP2uab+2NA98ufGuQh3mwks=",
      "System.ComponentModel.cznq51fcdk.dll": "sha256-6LR3t4XESZwYgL+E3rz7/SnSKrvDPu+i5+XPk80O61g=",
      "System.ComponentModel.EventBasedAsync.h56vxs90mj.dll": "sha256-5XEnaA7vlkI+Ri2I6lgz9IZC3ox8YAc48rcJrGsozBc=",
      "System.ComponentModel.Primitives.5fu8gslfun.dll": "sha256-AVyGWCeCHZgelsCsZSg0jn4ZL75Qg3AOPMO+wK3hqcI=",
      "System.ComponentModel.TypeConverter.zpkuz4dyes.dll": "sha256-Z6dnfqFh3HErDynXURPmloKOSG5P7UArGy9WB4LOOUY=",
      "System.Console.94obmc87cg.dll": "sha256-J+vLXPl85Kq8Rc5v+DxGtI+KvwBRVs6jNgyJWeWOxGY=",
      "System.Core.msjm544yyg.dll": "sha256-Sn3COgj3iTqe95ty+9IT2jAjrbzx2zvFBVArBR8krng=",
      "System.Data.Common.atpoulwi2c.dll": "sha256-rmo2ixRdtQtjl/9H5qfViBMvarX0Yw5s8HqZb6pUGSk=",
      "System.Diagnostics.DiagnosticSource.att75q2nje.dll": "sha256-rj97FlIhhmN7O27nEARNtz1XqfmGenTQKmYrsI7bLSs=",
      "System.Diagnostics.Process.hmratj86to.dll": "sha256-WRNk5cYt+Bo+ooNvTH7WPvWrCE7qTM869aPaLCeR0hQ=",
      "System.Diagnostics.TraceSource.uf4o4yfqov.dll": "sha256-eujZBVFUnbopiffDhZClegLKrKpaYnowrwYJWB4czyM=",
      "System.Diagnostics.Tracing.86r1zarkcp.dll": "sha256-MKXvxjzUO//FV9dn3HP0LO4cebPWZayEUPgUGaufkGo=",
      "System.gjaswxgac3.dll": "sha256-pBcRXa/FbwWjer8LmC8WYUpI5z34x2fQH05HBv4E9cE=",
      "System.Drawing.Common.jz8dhnwxl9.dll": "sha256-vxsTtp09fcwfaADsR4dA08ndPtlcUqDaqHt9kfTvKgw=",
      "System.Drawing.k75ptddlp6.dll": "sha256-YHisZvbmpmukhgcbQqYeTQKNtlhbRDckvqoo6rUMcgI=",
      "System.Drawing.Primitives.bra7bkiujb.dll": "sha256-yXJCjCSdtuKqpr4zp9jfDRDeir9iK1Yqu/6qLX3l9d8=",
      "System.IO.Compression.cws62cxo3e.dll": "sha256-NCZ2qvDVVxbnbADV8BnWRyWNV8dM9gcEy4LEa7e04Kc=",
      "System.IO.FileSystem.DriveInfo.vi74au9701.dll": "sha256-6S7e1ihEhLHviIGfgYvJiVtN9OH+tQZb3cqdEo3qiZY=",
      "System.IO.Hashing.ycswjrw70w.dll": "sha256-klZzXq2MGy5QB6Yo4eykNNqDhKiRH/YcuwjYxWqwXrs=",
      "System.IO.IsolatedStorage.88f24y8x0d.dll": "sha256-mMXUovRfB9pBQqAyak9/ms8UKyuiEeVQvg9mUCOXBtg=",
      "System.Linq.98vlh7bp4q.dll": "sha256-Wa7TKTqD4ENkbwQ3GwVdn+I+MmbknZmoLeN8UiPAi3o=",
      "System.Linq.Expressions.l2dgm2md7w.dll": "sha256-LWQAGgL+EPhunqf3EjMRhLeHNtC6eadT4il77TB4Rn0=",
      "System.Linq.Parallel.wgyl7vt2ly.dll": "sha256-QMsksFyGKCazK0WKwb8icW2mZYX3m6RWXj4SVS/w4Gg=",
      "System.Memory.yroyh960u7.dll": "sha256-EnkPBhMYec3sXhcGDFcUK3K9eRjPoZyQgfM8iRl8aZQ=",
      "System.Net.Http.7xejhiabt5.dll": "sha256-S2uVXo/1QHRkyeIoKtLuwtXo8uhPOmsMGSXdvuOY3/c=",
      "System.Net.NameResolution.cumb15yn65.dll": "sha256-ZP3YiQYHgD0NAJGHWItU4dPED/E3nT6SGghpXZFs/+U=",
      "System.Net.NetworkInformation.pzrv7wzjc3.dll": "sha256-i4m7eiXLEDKNq7e+Tr+5Js12UFqQStBIcHaKBQsiVoI=",
      "System.Net.Primitives.wnl5r931hd.dll": "sha256-7CvYgj2ttgwm/L+YkNUxwok+RzcWDVuD7SRE4Z8Dc1E=",
      "System.Net.Sockets.tdhad29kzj.dll": "sha256-gXudWF7pGco3F7yXddS5rkHlsuOuxU1bbasyAg/L7/M=",
      "System.Net.WebSockets.Client.0v5h62nljn.dll": "sha256-FAqgWnVz8wKNnrT+lwbNZVCkDLz+fCA0qviWU7SxOz8=",
      "System.Net.WebSockets.czpvksdp8e.dll": "sha256-uNY2t9hAaZq0MUe8v56gEQd5PnsFOqk/Io4uT3r2zNE=",
      "System.ObjectModel.f08n95ii3w.dll": "sha256-TwX/YWsfmtMbclV1jO9GTQku98WIUNGnTl/HZa5fkgE=",
      "System.Private.CoreLib.1kuik1zyqu.dll": "sha256-z6zhgLKIsfX4bgQ2/9VAftTjDdYa8Un4bya+dnn8Yrw=",
      "System.Private.Uri.a1nf5z1dnj.dll": "sha256-ovwEnid3sP2y4ytwYnm3YqL6pdigL40zbghXQSNoB+0=",
      "System.Private.Xml.od6fvx07if.dll": "sha256-9M7JV93Rb1y1xndj2dPcYvxQJPBo1ZM0hwhPMUR2pFg=",
      "System.Private.Xml.Linq.36e4pp1k05.dll": "sha256-u+29ra6Ucp4qzPA6wHtXFJ2iCLmhMR4wgg9gB6Qk534=",
      "System.Reflection.Emit.mu9nde9tfa.dll": "sha256-nobuB5zo7cg0Cg0cmqa03nAH1edt3oqwmeX4HASz1sk=",
      "System.Reflection.Emit.ILGeneration.uzhil9zyh4.dll": "sha256-ZiuULXD7gpCjBubs1drnRKfe0OmEr3KXA+F0WInIjuQ=",
      "System.Reflection.Emit.Lightweight.y1oc8ir061.dll": "sha256-xkSWxCXHsKcxGn1TKkP00/S9a5D+LLU2cFZwvydg5C4=",
      "System.Reflection.Primitives.1ywxzaodqd.dll": "sha256-CVA0TO6RhlZs+c6wuKyiixGHLdpMXDndyHUFQe6JB70=",
      "System.Resources.ResourceManager.k0n19fu6rg.dll": "sha256-xM/rUKlS0NoXzA8TlJp4Mc5nv96+pRZZewkM5irHfn4=",
      "System.Runtime.5zfq2618qh.dll": "sha256-Yf0kIPCfial5LhvpaMpwCvf9FgA4tJx9qdbSGWyykL8=",
      "System.Runtime.Extensions.922aiehf0h.dll": "sha256-8ULzxSq1+89yTeubMAFDnKJkNR2FweZAK0XQi+Kqtfc=",
      "System.Runtime.InteropServices.kiy794v4su.dll": "sha256-fNNm9Yy8HMIV5Hb85F2T352mo4dFSSOCwfvGkQ2ESAs=",
      "System.Runtime.InteropServices.JavaScript.c4ajrwafcr.dll": "sha256-BGv1n59YDOjP3VA3+PUFzylpmxBqa6Za4ZYPwBQoMDY=",
      "System.Runtime.Numerics.ltk3xwrx3x.dll": "sha256-10KXUyYi7cOt5rhPYJB0TXz0buZ5TbsaPBCYmzs0QwI=",
      "System.Runtime.Serialization.Formatters.erngn40z49.dll": "sha256-tlwB4/dtVrfqkImum70QtaRtqW8fD5Neyc30PEIooNw=",
      "System.Runtime.Serialization.Primitives.wp2qnba2lw.dll": "sha256-vMxSNbmvRxzMBIsaqBlSu6RqGkeRJa/a0wV48zP1DxE=",
      "System.Security.AccessControl.ecwc9ya9sh.dll": "sha256-vn9QZCRNKq9dM1U6S99HZPNS2UfEdECT5N7Q/RQvC5s=",
      "System.Security.Claims.y2t7q6jjnn.dll": "sha256-+rCff0BO64kg6y6IXGIrrblPcF9y417oR8UqPmV2FIs=",
      "System.Security.Cryptography.Csp.6wdlc8f4v9.dll": "sha256-aiqK6txySa/SjqAwhWOVp9J/UMszh+1yo9h2hb1l2J8=",
      "System.Security.Cryptography.ikvgvdkklk.dll": "sha256-0hagxTbe21Ul0aXTl8xmOTndwIAesg5j/nlgQu3fBtc=",
      "System.Security.Cryptography.Primitives.lz5afmigc6.dll": "sha256-Lxy3NlHS4OfC5zKvEKQFySHKuEb7zrkYwuH/f7nZ40Y=",
      "System.Security.Cryptography.X509Certificates.8e0wihs4np.dll": "sha256-AMBixHqAXoAZm8B5a4X11HAvy471B28GwCpNDDbyLcw=",
      "System.Security.Permissions.zlrpq8fur5.dll": "sha256-B0L+GCScP2lutuRJPljmHn8vz8UgeHhORbHa3TlXdhs=",
      "System.Security.Principal.7ypn88lxgo.dll": "sha256-H5v1ew0SVR4zFjX1aXXvVxxQj2/yh8S737WeKamNc04=",
      "System.Security.Principal.Windows.lgmvwarjwb.dll": "sha256-dXuWj3sAFvpEiGxrG6u9QdEXcgLkHUqJROv5g14yp48=",
      "System.Text.Encoding.CodePages.f4p51cwf2m.dll": "sha256-keAANZ4kXK319zYmL1EFCrRE9IWT4dnZj+M/DPV6lwc=",
      "System.Text.Encoding.Extensions.m037ot4hwy.dll": "sha256-+shIjGaS2oWPK57JbjoddMr0DLoEYqSRvABkKpVSDa4=",
      "System.Text.RegularExpressions.tvx6amazwf.dll": "sha256-90xrR5g45fyQhnw7LAJuKd5nrBY8VRHOWFmRbD9X7uA=",
      "System.Threading.Channels.eka96a30ml.dll": "sha256-vvuhoU0sU0I3dpp5UfabCnKuIV+GB0bk20uhhE88U4I=",
      "System.Threading.3ssvqmtk6g.dll": "sha256-c+UysENM5FtO/xh6C8e8WnPcEhf0O5bNvjuQAO01KUs=",
      "System.Threading.Overlapped.zusvlkavjx.dll": "sha256-2wgNUr82MuhZQbj4qRGW3veMScrSA9iOHFx4LHDsnpo=",
      "System.Threading.Tasks.Dataflow.ioh5d77moh.dll": "sha256-woG6iEgnGZksq31GbSpGPpd+coxR3VgLRgviDlw4yXA=",
      "System.Threading.Thread.jj7jyil7jl.dll": "sha256-76b7WlP7d4IikYSf4bP115Y1L6tYX/WbcCNVcKScgwA=",
      "System.Threading.ThreadPool.zu1mzoof7d.dll": "sha256-61V6hZzmbZsfSfshcf8VfGfcZrNAL/a/+U88vWM/8bY=",
      "System.Web.HttpUtility.qst6a4t5ak.dll": "sha256-pjk61UYXZ7jNfaXZ6A+TfEiYQR0lZgkSSK2I1rkOCR4=",
      "System.Windows.Extensions.jxvjfrz0ew.dll": "sha256-ZxMr0X3ifSIIHny23ArzenhxwxfbQxIR08glv6YpvLE=",
      "System.Xml.Linq.du5ff8lic8.dll": "sha256-VSqJeJldsekyVFSkhjDVBQLuEdQDcGhtyXqtBaxiMNM=",
      "System.Xml.ReaderWriter.0tbmg2y0jx.dll": "sha256-vKIZkKYNHx6dqENt+YVqNWLpnA54O2V86uiGXkWzdmU=",
      "System.Xml.XDocument.htc7u8fv08.dll": "sha256-WxVZ2DR1OE62ATJpd7JxF8C7uUQ8YMkfJsJDB0EJvdM=",
      "terraria.htgijktbe2.dll": "sha256-pXjAQXuAJUxBvhoWYKupKzmpKwnzyfwCMpa9sfT23sA="
    },
    "assembly": {}
  },
  "cacheBootResources": true,
  "debugLevel": 0,
  "linkerEnabled": true,
  "globalizationMode": "sharded"
}
